{"leilao": {"515": {"placa": "OMG4476", "chassi": "LXYXCBL02C0298258", "modelo": "2012", "ano": "Conservado", "data_aprensao": "28/06/2021", "data_liberacao": "28/08/2023", "data_nf": "26/08/2023", "diarias": "4.259,52", "multas": "0,00", "reboque": "138,04", "debito": "5.667,54", "debito_patio": "700,00", "tx_licenciamento": "824,43", "ipva": "445,55", "arremate": "700,00", "total": "-4.967,54"}, "516": {"placa": "HDO7759", "chassi": "LXYXCBL06A0295988", "modelo": "I/SHINERAY", "ano": "XY", "data_aprensao": "14/02/2023", "data_liberacao": "12/09/2023", "data_nf": "06/09/2023", "diarias": "5.439,85", "multas": "0,00", "reboque": "176,29", "debito": "84,06", "debito_patio": "5.921,25", "tx_licenciamento": "400,00", "ipva": "221,05", "arremate": "400,00", "total": "-5.521,25"}, "517": {"placa": "PXC8813", "chassi": "LLJXCBLAXFG804913", "modelo": "BULL 2015", "ano": "Conservado", "data_aprensao": "11/07/2022", "data_liberacao": "24/08/2023", "data_nf": "23/08/2023", "diarias": "5.161,52", "multas": "0,00", "reboque": "166,96", "debito": "6.574,04", "debito_patio": "1.500,00", "tx_licenciamento": "824,43", "ipva": "421,13", "arremate": "1.500,00", "total": "-5.074,04"}, "518": {"placa": "HJX1379", "chassi": "94J2XSBF88M013090", "modelo": "SUNDOWN/HUNTER 2008", "ano": "Conservado", "data_aprensao": "03/10/2022", "data_liberacao": "29/08/2023", "data_nf": "25/08/2023", "diarias": "5.295,89", "multas": "0,00", "reboque": "166,96", "debito": "6.537,33", "debito_patio": "800,00", "tx_licenciamento": "824,43", "ipva": "250,05", "arremate": "800,00", "total": "-5.737,33"}, "519": {"placa": "HLM0C57", "chassi": "9C6KG0460B0000638", "modelo": "YAMAHA/FAZER 2010", "ano": "Conservado", "data_aprensao": "30/10/2022", "data_liberacao": "24/08/2023", "data_nf": "23/08/2023", "diarias": "5.339,08", "multas": "0,00", "reboque": "166,96", "debito": "40,07", "debito_patio": "5.763,76", "tx_licenciamento": "5.506,04", "ipva": "217,65", "arremate": "8.200,00", "total": "2.436,24"}, "520": {"placa": "HCR0I16", "chassi": "9C2JC30705R007111", "modelo": "HONDA/CG", "ano": "125", "data_aprensao": "12/12/2022", "data_liberacao": "24/08/2023", "data_nf": "23/08/2023", "diarias": "5.407,86", "multas": "0,00", "reboque": "166,96", "debito": "5.940,31", "debito_patio": "3.800,00", "tx_licenciamento": "221,05", "ipva": "144,44", "arremate": "3.800,00", "total": "-2.140,31"}, "521": {"placa": "HEY0331", "chassi": "9C2KC08605R004725", "modelo": "150 2005", "ano": "Conservado", "data_aprensao": "11/01/2023", "data_liberacao": null, "data_nf": "25/08/2023", "diarias": "5.439,85", "multas": "0,00", "reboque": "176,29", "debito": "7.040,85", "debito_patio": "3.700,00", "tx_licenciamento": "824,43", "ipva": "600,28", "arremate": "3.700,00", "total": "-3.340,85"}, "522": {"placa": "GXN0685", "chassi": "9C2JA0100YR000264", "modelo": "125 1999", "ano": "Conservado", "data_aprensao": "23/06/2020", "data_liberacao": "28/08/2023", "data_nf": "26/08/2023", "diarias": "4.008,53", "multas": "0,00", "reboque": "129,91", "debito": "4.845,37", "debito_patio": "1.700,00", "tx_licenciamento": "529,41", "ipva": "177,52", "arremate": "1.700,00", "total": "-3.145,37"}, "523": {"placa": "EQR0862", "chassi": "9C2KC15109R105071", "modelo": "TITAN 2009", "ano": "Conservado", "data_aprensao": "11/01/2023", "data_liberacao": "28/08/2023", "data_nf": "26/08/2023", "diarias": "5.439,85", "multas": "0,00", "reboque": "176,29", "debito": "6.563,82", "debito_patio": "4.200,00", "tx_licenciamento": "529,41", "ipva": "418,27", "arremate": "4.200,00", "total": "-2.363,82"}, "524": {"placa": "HEY1D89", "chassi": "9C2JC30705R812387", "modelo": "HONDA/CG", "ano": "125", "data_aprensao": "21/06/2022", "data_liberacao": "24/08/2023", "data_nf": "23/08/2023", "diarias": "5.151,92", "multas": "0,00", "reboque": "166,96", "debito": "6.333,07", "debito_patio": "4.000,00", "tx_licenciamento": "643,45", "ipva": "370,74", "arremate": "4.000,00", "total": "-2.333,07"}, "525": {"placa": "HJX1123", "chassi": "95VCA1G288M026256", "modelo": "DAFRA/SPEED", "ano": "150", "data_aprensao": "10/02/2020", "data_liberacao": "01/09/2023", "data_nf": "23/08/2023", "diarias": "4.008,53", "multas": "0,00", "reboque": "129,91", "debito": "5.292,55", "debito_patio": "900,00", "tx_licenciamento": "824,43", "ipva": "329,68", "arremate": "900,00", "total": "-4.392,55"}, "526": {"placa": "HJX1272", "chassi": "95VCB1H589M009430", "modelo": "DAFRA/KANSAS", "ano": "150", "data_aprensao": "19/10/2022", "data_liberacao": "28/08/2023", "data_nf": "23/08/2023", "diarias": "5.321,48", "multas": "0,00", "reboque": "166,96", "debito": "6.766,14", "debito_patio": "1.400,00", "tx_licenciamento": "824,43", "ipva": "453,27", "arremate": "1.400,00", "total": "-5.366,14"}, "527": {"placa": "HNG1284", "chassi": "9C2JC4120CR554224", "modelo": "FAN 2012", "ano": "Conservado", "data_aprensao": "07/12/2019", "data_liberacao": "20/09/2023", "data_nf": "23/08/2023", "diarias": "3.990,77", "multas": "0,00", "reboque": "125,76", "debito": "5.747,59", "debito_patio": "4.116,53", "tx_licenciamento": "824,43", "ipva": "806,63", "arremate": "4.800,00", "total": "-947,59"}, "528": {"placa": "HDA1856", "chassi": "9C2MC35006R032443", "modelo": "250 2006", "ano": "Conservado", "data_aprensao": "02/05/2022", "data_liberacao": "24/08/2023", "data_nf": "23/08/2023", "diarias": "5.151,92", "multas": "0,00", "reboque": "166,96", "debito": "6.749,92", "debito_patio": "3.700,00", "tx_licenciamento": "680,93", "ipva": "750,11", "arremate": "3.700,00", "total": "-3.049,92"}, "529": {"placa": "HJX2B16", "chassi": "9C2JC30708R759024", "modelo": "HONDA/CG", "ano": "125", "data_aprensao": "23/06/2022", "data_liberacao": "25/08/2023", "data_nf": "24/08/2023", "diarias": "5.151,92", "multas": "0,00", "reboque": "166,96", "debito": "5.955,68", "debito_patio": "3.500,00", "tx_licenciamento": "378,56", "ipva": "258,24", "arremate": "3.500,00", "total": "-2.455,68"}, "530": {"placa": "GYD2G59", "chassi": "9C2JC30102R239480", "modelo": "TITAN 2002", "ano": "Conservado", "data_aprensao": "11/05/2022", "data_liberacao": "30/08/2023", "data_nf": "24/08/2023", "diarias": "5.151,92", "multas": "0,00", "reboque": "166,96", "debito": "40,07", "debito_patio": "79,86", "tx_licenciamento": "5.438,81", "ipva": "3.600,00", "arremate": "3.600,00", "total": "-1.838,81"}, "531": {"placa": "HLS2092", "chassi": "9CDNF41LJ9M269538", "modelo": "EN125 2008", "ano": "Conservado", "data_aprensao": "10/11/2021", "data_liberacao": null, "data_nf": "24/08/2023", "diarias": "4.894,12", "multas": "0,00", "reboque": "138,04", "debito": "5.405,50", "debito_patio": "1.500,00", "tx_licenciamento": "221,05", "ipva": "152,29", "arremate": "1.500,00", "total": "-3.905,50"}, "532": {"placa": "HCX2416", "chassi": "9CDNF41LJ5M005514", "modelo": "EN125 2005", "ano": "Conservado", "data_aprensao": "04/05/2022", "data_liberacao": "28/08/2023", "data_nf": "23/08/2023", "diarias": "5.151,92", "multas": "0,00", "reboque": "166,96", "debito": "6.091,40", "debito_patio": "2.000,00", "tx_licenciamento": "529,41", "ipva": "243,11", "arremate": "2.000,00", "total": "-4.091,40"}, "533": {"placa": "HFL2545", "chassi": "9C2JC41109R044757", "modelo": "FAN 2009", "ano": "Conservado", "data_aprensao": "05/12/2022", "data_liberacao": "24/08/2023", "data_nf": "23/08/2023", "diarias": "5.396,66", "multas": "0,00", "reboque": "166,96", "debito": "6.502,57", "debito_patio": "3.600,00", "tx_licenciamento": "516,07", "ipva": "422,88", "arremate": "3.600,00", "total": "-2.902,57"}, "534": {"placa": "GRU3575", "chassi": "9C2JC250TTR099854", "modelo": "HONDA/CG", "ano": "125", "data_aprensao": "12/09/2022", "data_liberacao": "28/08/2023", "data_nf": "23/08/2023", "diarias": "5.262,30", "multas": "0,00", "reboque": "166,96", "debito": "40,07", "debito_patio": "89,11", "tx_licenciamento": "5.558,44", "ipva": "2.700,00", "arremate": "2.700,00", "total": "-2.858,44"}, "535": {"placa": "EIE3606", "chassi": "9C2JC4110AR657081", "modelo": "FAN 2010", "ano": "Conservado", "data_aprensao": "17/08/2022", "data_liberacao": "24/08/2023", "data_nf": "23/08/2023", "diarias": "5.220,71", "multas": "0,00", "reboque": "166,96", "debito": "6.335,35", "debito_patio": "4.000,00", "tx_licenciamento": "529,41", "ipva": "418,27", "arremate": "4.000,00", "total": "-2.335,35"}, "536": {"placa": "HCE3870", "chassi": "9C2KC08105R050189", "modelo": "TITAN 2004", "ano": "Conservado", "data_aprensao": "11/01/2023", "data_liberacao": "24/08/2023", "data_nf": "23/08/2023", "diarias": "5.439,85", "multas": "0,00", "reboque": "176,29", "debito": "6.887,96", "debito_patio": "4.000,00", "tx_licenciamento": "824,43", "ipva": "447,39", "arremate": "4.000,00", "total": "-2.887,96"}, "537": {"placa": "HJX4B38", "chassi": "94J2XSBK88M019043", "modelo": "SUNDOWN/HUNTER 2008", "ano": "Conservado", "data_aprensao": "18/01/2023", "data_liberacao": "28/08/2023", "data_nf": "25/08/2023", "diarias": "5.439,85", "multas": "0,00", "reboque": "176,29", "debito": "6.108,45", "debito_patio": "1.100,00", "tx_licenciamento": "378,56", "ipva": "113,75", "arremate": "1.100,00", "total": "-5.008,45"}, "538": {"placa": "RVS4J10", "chassi": "9C2KC2200PR033815", "modelo": "HONDA/CG", "ano": "160", "data_aprensao": "05/12/2022", "data_liberacao": "24/08/2023", "data_nf": "24/08/2023", "diarias": "5.396,66", "multas": "0,00", "reboque": "166,96", "debito": "40,07", "debito_patio": "5.991,45", "tx_licenciamento": "5.563,62", "ipva": "387,76", "arremate": "14.700,00", "total": "8.708,55"}, "539": {"placa": "GYN4064", "chassi": "9C2JC2500XR205830", "modelo": "HONDA/CG", "ano": "125", "data_aprensao": "10/10/2022", "data_liberacao": "24/08/2023", "data_nf": "23/08/2023", "diarias": "5.307,09", "multas": "0,00", "reboque": "166,96", "debito": "6.004,98", "debito_patio": "2.400,00", "tx_licenciamento": "378,56", "ipva": "152,37", "arremate": "2.400,00", "total": "-3.604,98"}, "540": {"placa": "GXR4145", "chassi": "9C2JC30301R007477", "modelo": "125 2001", "ano": "Conservado", "data_aprensao": "07/06/2022", "data_liberacao": "25/08/2023", "data_nf": "25/08/2023", "diarias": "5.151,92", "multas": "0,00", "reboque": "166,96", "debito": "5.650,42", "debito_patio": "2.100,00", "tx_licenciamento": "221,05", "ipva": "110,49", "arremate": "2.100,00", "total": "-3.550,42"}, "541": {"placa": "HAS4199", "chassi": "9C2MC35003R133111", "modelo": "250 2003", "ano": "Conservado", "data_aprensao": "21/09/2022", "data_liberacao": "15/09/2023", "data_nf": "24/08/2023", "diarias": "5.276,69", "multas": "0,00", "reboque": "166,96", "debito": "40,07", "debito_patio": "5.619,47", "tx_licenciamento": "2.800,00", "ipva": "135,75", "arremate": "2.800,00", "total": "-2.819,47"}, "542": {"placa": "HKY4333", "chassi": "9C2ND0910AR000370", "modelo": "HONDA/XRE", "ano": "300", "data_aprensao": "23/02/2022", "data_liberacao": "24/08/2023", "data_nf": "23/08/2023", "diarias": "5.151,92", "multas": "0,00", "reboque": "166,96", "debito": "6.017,76", "debito_patio": "5.318,88", "tx_licenciamento": "221,05", "ipva": "477,83", "arremate": "6.500,00", "total": "482,24"}, "543": {"placa": "HCE4850", "chassi": "9C2KC08505R048934", "modelo": "TITAN 2005", "ano": "Conservado", "data_aprensao": "05/09/2022", "data_liberacao": "24/08/2023", "data_nf": "23/08/2023", "diarias": "5.251,10", "multas": "0,00", "reboque": "166,96", "debito": "6.063,94", "debito_patio": "4.100,00", "tx_licenciamento": "378,56", "ipva": "267,32", "arremate": "4.100,00", "total": "-1.963,94"}, "544": {"placa": "GYN4864", "chassi": "9C2JC30103R282279", "modelo": "TITAN 2003", "ano": "Conservado", "data_aprensao": "05/01/2023", "data_liberacao": "24/08/2023", "data_nf": "23/08/2023", "diarias": "5.439,85", "multas": "0,00", "reboque": "176,29", "debito": "6.428,48", "debito_patio": "3.100,00", "tx_licenciamento": "529,41", "ipva": "282,93", "arremate": "3.100,00", "total": "-3.328,48"}, "545": {"placa": "HGT4974", "chassi": "9C2JC30708R092871", "modelo": "HONDA/CG", "ano": "125", "data_aprensao": "05/12/2022", "data_liberacao": "25/08/2023", "data_nf": "24/08/2023", "diarias": "5.396,66", "multas": "0,00", "reboque": "166,96", "debito": "91,09", "debito_patio": "5.875,76", "tx_licenciamento": "3.500,00", "ipva": "221,05", "arremate": "3.500,00", "total": "-2.375,76"}, "546": {"placa": "HIL5055", "chassi": "9C2JC30708R189174", "modelo": "HONDA/CG", "ano": "125", "data_aprensao": "05/04/2022", "data_liberacao": "25/08/2023", "data_nf": "24/08/2023", "diarias": "5.151,92", "multas": "0,00", "reboque": "166,96", "debito": "6.191,29", "debito_patio": "2.500,00", "tx_licenciamento": "529,41", "ipva": "343,00", "arremate": "2.500,00", "total": "-3.691,29"}, "547": {"placa": "GVA5736", "chassi": "9C2JC250VVR219714", "modelo": "HONDA/CG", "ano": "125", "data_aprensao": "04/07/2022", "data_liberacao": "28/08/2023", "data_nf": "26/08/2023", "diarias": "5.151,92", "multas": "0,00", "reboque": "166,96", "debito": "6.450,69", "debito_patio": "1.700,00", "tx_licenciamento": "824,43", "ipva": "307,38", "arremate": "1.700,00", "total": "-4.750,69"}, "548": {"placa": "HIL6J38", "chassi": "9C2KC16209R023929", "modelo": "TITAN 2009", "ano": "Conservado", "data_aprensao": "04/07/2022", "data_liberacao": "24/08/2023", "data_nf": "23/08/2023", "diarias": "5.151,92", "multas": "0,00", "reboque": "166,96", "debito": "5.788,34", "debito_patio": "5.300,00", "tx_licenciamento": "221,05", "ipva": "248,41", "arremate": "5.300,00", "total": "-488,34"}, "549": {"placa": "HFV6146", "chassi": "9C2KC08507R071179", "modelo": "TITAN 2007", "ano": "Conservado", "data_aprensao": "30/10/2022", "data_liberacao": "24/08/2023", "data_nf": "23/08/2023", "diarias": "5.339,08", "multas": "0,00", "reboque": "166,96", "debito": "40,07", "debito_patio": "5.670,12", "tx_licenciamento": "5.506,04", "ipva": "124,01", "arremate": "6.200,00", "total": "529,88"}, "550": {"placa": "HIY6630", "chassi": "9CDNF41LJ9M284697", "modelo": "EN125 2008", "ano": "Conservado", "data_aprensao": "01/09/2020", "data_liberacao": "28/08/2023", "data_nf": "25/08/2023", "diarias": "4.089,40", "multas": "0,00", "reboque": "129,91", "debito": "5.196,68", "debito_patio": "1.800,00", "tx_licenciamento": "680,93", "ipva": "296,44", "arremate": "1.800,00", "total": "-3.396,68"}, "551": {"placa": "GYK6957", "chassi": "9C2JC30103R151138", "modelo": "TITAN 2002", "ano": "Conservado", "data_aprensao": "07/06/2022", "data_liberacao": "25/08/2023", "data_nf": "25/08/2023", "diarias": "5.151,92", "multas": "0,00", "reboque": "166,96", "debito": "6.188,07", "debito_patio": "2.800,00", "tx_licenciamento": "529,41", "ipva": "339,78", "arremate": "2.800,00", "total": "-3.388,07"}, "552": {"placa": "QPX6976", "chassi": "9C2KC2210KR015768", "modelo": "HONDA/CG", "ano": "160", "data_aprensao": "18/08/2022", "data_liberacao": "24/08/2023", "data_nf": "24/08/2023", "diarias": "5.222,31", "multas": "0,00", "reboque": "166,96", "debito": "40,07", "debito_patio": "5.764,01", "tx_licenciamento": "5.389,27", "ipva": "334,67", "arremate": "12.900,00", "total": "7.135,99"}, "553": {"placa": "HHV7160", "chassi": "9C2JC30708R747188", "modelo": "HONDA/CG", "ano": "125", "data_aprensao": "12/06/2020", "data_liberacao": "24/08/2023", "data_nf": "23/08/2023", "diarias": "4.008,53", "multas": "0,00", "reboque": "129,91", "debito": "5.493,56", "debito_patio": "4.100,00", "tx_licenciamento": "824,43", "ipva": "530,69", "arremate": "4.100,00", "total": "-1.393,56"}, "554": {"placa": "DYY7225", "chassi": "9CDNF41LJ8M105479", "modelo": "EN125 2007", "ano": "Conservado", "data_aprensao": "11/01/2023", "data_liberacao": "25/08/2023", "data_nf": "24/08/2023", "diarias": "5.439,85", "multas": "0,00", "reboque": "176,29", "debito": "6.882,22", "debito_patio": "1.900,00", "tx_licenciamento": "824,43", "ipva": "441,65", "arremate": "1.900,00", "total": "-4.982,22"}, "555": {"placa": "HGU7437", "chassi": "9C2MC35008R042016", "modelo": "250 2008", "ano": "Conservado", "data_aprensao": "07/11/2022", "data_liberacao": "01/09/2023", "data_nf": "25/08/2023", "diarias": "5.351,87", "multas": "0,00", "reboque": "166,96", "debito": "6.991,84", "debito_patio": "3.700,00", "tx_licenciamento": "680,93", "ipva": "792,08", "arremate": "3.700,00", "total": "-3.291,84"}, "556": {"placa": "LQA8001", "chassi": "95VCA6D8BBM000752", "modelo": "DAFRA/SPEED", "ano": "150", "data_aprensao": "03/10/2022", "data_liberacao": "01/09/2023", "data_nf": "25/08/2023", "diarias": "5.295,89", "multas": "0,00", "reboque": "166,96", "debito": "6.057,09", "debito_patio": "2.100,00", "tx_licenciamento": "378,56", "ipva": "215,68", "arremate": "2.100,00", "total": "-3.957,09"}, "557": {"placa": "HDL8038", "chassi": "9C2KC08506R842010", "modelo": "TITAN 2006", "ano": "Conservado", "data_aprensao": "06/09/2022", "data_liberacao": "28/08/2023", "data_nf": "24/08/2023", "diarias": "5.252,70", "multas": "0,00", "reboque": "166,96", "debito": "6.092,22", "debito_patio": "4.100,00", "tx_licenciamento": "378,56", "ipva": "294,00", "arremate": "4.100,00", "total": "-1.992,22"}, "558": {"placa": "GSX9486", "chassi": "9C2JC30101R057767", "modelo": "TITAN 2000", "ano": "Conservado", "data_aprensao": "07/06/2022", "data_liberacao": "24/08/2023", "data_nf": "23/08/2023", "diarias": "5.151,92", "multas": "0,00", "reboque": "166,96", "debito": "5.877,02", "debito_patio": "3.100,00", "tx_licenciamento": "378,56", "ipva": "179,58", "arremate": "3.100,00", "total": "-2.777,02"}, "559": {"placa": "HHU9573", "chassi": "9C2JC30708R608545", "modelo": "HONDA/CG", "ano": "125", "data_aprensao": "03/10/2022", "data_liberacao": "28/08/2023", "data_nf": "24/08/2023", "diarias": "5.295,89", "multas": "0,00", "reboque": "166,96", "debito": "6.335,26", "debito_patio": "3.100,00", "tx_licenciamento": "529,41", "ipva": "343,00", "arremate": "3.100,00", "total": "-3.235,26"}, "560": {"placa": "HAP9789", "chassi": "9C6KE043040041402", "modelo": "YAMAHA/YBR", "ano": "125E", "data_aprensao": "29/12/2022", "data_liberacao": "25/08/2023", "data_nf": "25/08/2023", "diarias": "5.435,05", "multas": "0,00", "reboque": "166,96", "debito": "6.167,81", "debito_patio": "2.600,00", "tx_licenciamento": "335,09", "ipva": "230,71", "arremate": "2.600,00", "total": "-3.567,81"}, "561": {"placa": "HJZ9929", "chassi": "9C2JC4110CR469085", "modelo": "FAN 2011", "ano": "Conservado", "data_aprensao": "04/07/2022", "data_liberacao": "24/08/2023", "data_nf": "23/08/2023", "diarias": "5.151,92", "multas": "0,00", "reboque": "166,96", "debito": "6.032,12", "debito_patio": "4.100,00", "tx_licenciamento": "378,56", "ipva": "334,68", "arremate": "4.100,00", "total": "-1.932,12"}, "562": {"placa": "GUK0277", "chassi": "9BGSE68NTTC767401", "modelo": "GM/CORSA", "ano": "GL", "data_aprensao": "01/08/2022", "data_liberacao": "24/08/2023", "data_nf": "23/08/2023", "diarias": "8.658,52", "multas": "0,00", "reboque": "262,37", "debito": "9.995,61", "debito_patio": "5.900,00", "tx_licenciamento": "221,05", "ipva": "853,67", "arremate": "5.900,00", "total": "-4.095,61"}, "563": {"placa": "CMQ0444", "chassi": "9BGSC08ZVVC753349", "modelo": "GM/CORSA", "ano": "WIND", "data_aprensao": "12/09/2022", "data_liberacao": "25/08/2023", "data_nf": "24/08/2023", "diarias": "8.770,49", "multas": "0,00", "reboque": "262,37", "debito": "40,07", "debito_patio": "9.742,75", "tx_licenciamento": "5.200,00", "ipva": "669,82", "arremate": "5.200,00", "total": "-4.542,75"}, "564": {"placa": "GOU0878", "chassi": "9BGKT08ZLLC326973", "modelo": "GM/KADETT", "ano": "SL", "data_aprensao": "18/10/2021", "data_liberacao": null, "data_nf": "23/08/2023", "diarias": "7.966,82", "multas": "0,00", "reboque": "216,92", "debito": "10.492,50", "debito_patio": "1.800,00", "tx_licenciamento": "824,43", "ipva": "1.484,33", "arremate": "1.800,00", "total": "-8.692,50"}, "565": {"placa": "GZQ1376", "chassi": "8AFCZZFFC2J269116", "modelo": "2.0L 2002", "ano": "Conservado", "data_aprensao": "18/04/2022", "data_liberacao": "28/08/2023", "data_nf": "26/08/2023", "diarias": "8.586,54", "multas": "0,00", "reboque": "262,37", "debito": "13.748,51", "debito_patio": "5.600,00", "tx_licenciamento": "824,43", "ipva": "4.075,17", "arremate": "5.600,00", "total": "-8.148,51"}, "566": {"placa": "KCU1545", "chassi": "9BGSC08ZTTC747769", "modelo": "GM/CORSA", "ano": "WIND", "data_aprensao": "07/02/2022", "data_liberacao": "06/09/2023", "data_nf": "25/08/2023", "diarias": "8.586,54", "multas": "0,00", "reboque": "262,37", "debito": "10.250,17", "debito_patio": "1.900,00", "tx_licenciamento": "378,56", "ipva": "1.022,70", "arremate": "1.900,00", "total": "-8.350,17"}, "567": {"placa": "KLH2165", "chassi": "WF0FDXGBBWGP07415", "modelo": "MONDEO 1998", "ano": "Conservado", "data_aprensao": "13/02/2023", "data_liberacao": "24/08/2023", "data_nf": "23/08/2023", "diarias": "9.066,42", "multas": "0,00", "reboque": "277,03", "debito": "40,07", "debito_patio": "9.778,87", "tx_licenciamento": "2.000,00", "ipva": "395,35", "arremate": "2.000,00", "total": "-7.778,87"}, "568": {"placa": "MQF2790", "chassi": "9BD146000N3914912", "modelo": "FIAT/UNO", "ano": "S", "data_aprensao": "29/12/2022", "data_liberacao": "01/09/2023", "data_nf": "23/08/2023", "diarias": "9.058,42", "multas": "0,00", "reboque": "262,37", "debito": "10.487,14", "debito_patio": "2.500,00", "tx_licenciamento": "378,56", "ipva": "787,79", "arremate": "2.500,00", "total": "-7.987,14"}, "569": {"placa": "EAA3J49", "chassi": "9BD17106G85197553", "modelo": "FIRE 2008", "ano": "Conservado", "data_aprensao": "30/10/2022", "data_liberacao": "28/08/2023", "data_nf": "24/08/2023", "diarias": "8.898,46", "multas": "0,00", "reboque": "262,37", "debito": "11.677,61", "debito_patio": "9.000,00", "tx_licenciamento": "378,56", "ipva": "2.138,22", "arremate": "9.000,00", "total": "-2.677,61"}, "570": {"placa": "BGA3411", "chassi": "9BWZZZ30ZMT066224", "modelo": "VW/GOL", "ano": "GL", "data_aprensao": "22/12/2022", "data_liberacao": "30/08/2023", "data_nf": "25/08/2023", "diarias": "9.039,76", "multas": "0,00", "reboque": "262,37", "debito": "10.116,14", "debito_patio": "3.100,00", "tx_licenciamento": "221,05", "ipva": "592,96", "arremate": "3.100,00", "total": "-7.016,14"}, "571": {"placa": "GXQ3772", "chassi": "8AWZZZ9EZ1A603938", "modelo": "CLAS. 2000", "ano": "Conservado", "data_aprensao": "06/02/2023", "data_liberacao": "01/09/2023", "data_nf": "23/08/2023", "diarias": "9.066,42", "multas": "0,00", "reboque": "277,03", "debito": "40,07", "debito_patio": "9.847,12", "tx_licenciamento": "3.600,00", "ipva": "463,60", "arremate": "3.600,00", "total": "-6.247,12"}, "572": {"placa": "LAH4082", "chassi": "9BD17164G72897741", "modelo": "FIRE 2006", "ano": "Conservado", "data_aprensao": "07/06/2022", "data_liberacao": null, "data_nf": "23/08/2023", "diarias": "8.586,54", "multas": "0,00", "reboque": "262,37", "debito": "40,07", "debito_patio": "9.584,19", "tx_licenciamento": "8.848,91", "ipva": "695,21", "arremate": "13.400,00", "total": "3.815,81"}, "573": {"placa": "DQQ4407", "chassi": "9BD17146G62720606", "modelo": "FIRE 2006", "ano": "Conservado", "data_aprensao": "23/11/2022", "data_liberacao": "28/08/2023", "data_nf": "23/08/2023", "diarias": "8.962,45", "multas": "0,00", "reboque": "262,37", "debito": "12.342,41", "debito_patio": "7.500,00", "tx_licenciamento": "529,41", "ipva": "2.588,18", "arremate": "7.500,00", "total": "-4.842,41"}, "574": {"placa": "GTJ4542", "chassi": "9BGSC08WSSC702315", "modelo": "GM/CORSA", "ano": "WIND", "data_aprensao": "03/01/2023", "data_liberacao": "25/08/2023", "data_nf": "23/08/2023", "diarias": "9.066,42", "multas": "0,00", "reboque": "277,03", "debito": "10.637,50", "debito_patio": "3.800,00", "tx_licenciamento": "378,56", "ipva": "915,49", "arremate": "3.800,00", "total": "-6.837,50"}, "575": {"placa": "GTF4775", "chassi": "9BFZZZ54ZSB657258", "modelo": "1.0 1995", "ano": "Conservado", "data_aprensao": "18/03/2022", "data_liberacao": "31/08/2023", "data_nf": "23/08/2023", "diarias": "8.586,54", "multas": "0,00", "reboque": "262,37", "debito": "10.986,38", "debito_patio": "3.800,00", "tx_licenciamento": "680,93", "ipva": "1.456,54", "arremate": "3.800,00", "total": "-7.186,38"}, "576": {"placa": "HMK5000", "chassi": "9BFZK53A3AB153194", "modelo": "FORD/KA", "ano": "FLEX", "data_aprensao": "08/08/2022", "data_liberacao": "28/08/2023", "data_nf": "25/08/2023", "diarias": "8.677,18", "multas": "0,00", "reboque": "262,37", "debito": "14.751,87", "debito_patio": "8.939,55", "tx_licenciamento": "824,43", "ipva": "4.987,89", "arremate": "13.600,00", "total": "-1.151,87"}, "577": {"placa": "LHT5033", "chassi": "9BWZZZ30ZJT101186", "modelo": "VW/GOL", "ano": "CL", "data_aprensao": "07/02/2022", "data_liberacao": "28/08/2023", "data_nf": "23/08/2023", "diarias": "8.586,54", "multas": "0,00", "reboque": "262,37", "debito": "9.677,79", "debito_patio": "2.400,00", "tx_licenciamento": "221,05", "ipva": "607,83", "arremate": "2.400,00", "total": "-7.277,79"}, "578": {"placa": "GLO5559", "chassi": "9BFBXXLBAKBL78735", "modelo": "FORD/ESCORT", "ano": "L", "data_aprensao": "04/05/2022", "data_liberacao": "28/08/2023", "data_nf": "28/08/2023", "diarias": "8.586,54", "multas": "0,00", "reboque": "262,37", "debito": "9.523,69", "debito_patio": "5.700,00", "tx_licenciamento": "221,05", "ipva": "453,73", "arremate": "5.700,00", "total": "-3.823,69"}, "579": {"placa": "HNU5592", "chassi": "9BGSU19F0BB125409", "modelo": "CHEVROLET/CLASSIC 2010", "ano": "Conservado", "data_aprensao": "11/05/2022", "data_liberacao": "28/08/2023", "data_nf": "26/08/2023", "diarias": "8.586,54", "multas": "0,00", "reboque": "262,37", "debito": "15.556,77", "debito_patio": "8.848,91", "tx_licenciamento": "824,43", "ipva": "5.883,43", "arremate": "16.000,00", "total": "443,23"}, "580": {"placa": "MRE5756", "chassi": "8AFZZZEHCWJ042488", "modelo": "ESCORT 1998", "ano": "Conservado", "data_aprensao": "01/08/2022", "data_liberacao": "28/08/2023", "data_nf": "28/08/2023", "diarias": "8.658,52", "multas": "0,00", "reboque": "262,37", "debito": "10.835,08", "debito_patio": "2.900,00", "tx_licenciamento": "529,41", "ipva": "1.384,78", "arremate": "2.900,00", "total": "-7.935,08"}, "581": {"placa": "GOZ6395", "chassi": "9BGSC08ZVVC792558", "modelo": "GM/CORSA", "ano": "WIND", "data_aprensao": "26/08/2022", "data_liberacao": "06/09/2023", "data_nf": "25/08/2023", "diarias": "8.725,17", "multas": "0,00", "reboque": "262,37", "debito": "12.296,84", "debito_patio": "2.400,00", "tx_licenciamento": "824,43", "ipva": "2.484,87", "arremate": "2.400,00", "total": "-9.896,84"}, "582": {"placa": "GLT6632", "chassi": "9BD146000L3659814", "modelo": "FIAT/UNO", "ano": "CS", "data_aprensao": "17/05/2022", "data_liberacao": "25/08/2023", "data_nf": "23/08/2023", "diarias": "8.586,54", "multas": "0,00", "reboque": "262,37", "debito": "10.090,11", "debito_patio": "3.300,00", "tx_licenciamento": "529,41", "ipva": "711,79", "arremate": "3.300,00", "total": "-6.790,11"}, "583": {"placa": "DOS7D22", "chassi": "9362AKFW94B022152", "modelo": "14 2004", "ano": "Conservado", "data_aprensao": "18/08/2022", "data_liberacao": "28/08/2023", "data_nf": "28/08/2023", "diarias": "8.703,84", "multas": "0,00", "reboque": "262,37", "debito": "40,07", "debito_patio": "9.588,20", "tx_licenciamento": "5.100,00", "ipva": "581,92", "arremate": "5.100,00", "total": "-4.488,20"}, "584": {"placa": "JNU7166", "chassi": "9BFZZZFHAXB270678", "modelo": "FORD/FIESTA", "ano": "1999", "data_aprensao": "25/01/2022", "data_liberacao": "28/08/2023", "data_nf": "28/08/2023", "diarias": "8.586,54", "multas": "0,00", "reboque": "262,37", "debito": "11.851,03", "debito_patio": "1.700,00", "tx_licenciamento": "824,43", "ipva": "2.177,69", "arremate": "1.700,00", "total": "-10.151,03"}, "585": {"placa": "GUR7270", "chassi": "9BGSC08ZVTC658549", "modelo": "GM/CORSA", "ano": "WIND", "data_aprensao": "09/02/2023", "data_liberacao": "25/08/2023", "data_nf": "23/08/2023", "diarias": "9.066,42", "multas": "0,00", "reboque": "277,03", "debito": "10.252,47", "debito_patio": "6.100,00", "tx_licenciamento": "221,05", "ipva": "687,97", "arremate": "6.100,00", "total": "-4.152,47"}, "586": {"placa": "GWT7796", "chassi": "9BD178296Y2147698", "modelo": "FIAT/PALIO", "ano": "EX", "data_aprensao": "21/12/2022", "data_liberacao": "15/09/2023", "data_nf": "23/08/2023", "diarias": "9.037,09", "multas": "0,00", "reboque": "262,37", "debito": "10.243,01", "debito_patio": "4.300,00", "tx_licenciamento": "221,05", "ipva": "722,50", "arremate": "4.300,00", "total": "-5.943,01"}, "587": {"placa": "ALN7972", "chassi": "9BWCA05X04P058953", "modelo": "VW/GOL", "ano": "1.0", "data_aprensao": "16/08/2022", "data_liberacao": "28/08/2023", "data_nf": "24/08/2023", "diarias": "8.698,51", "multas": "0,00", "reboque": "262,37", "debito": "11.603,04", "debito_patio": "5.200,00", "tx_licenciamento": "529,41", "ipva": "2.112,75", "arremate": "5.200,00", "total": "-6.403,04"}, "588": {"placa": "HGH8067", "chassi": "9BGRX48908G170285", "modelo": "GM/CELTA", "ano": "4P", "data_aprensao": "05/12/2022", "data_liberacao": "31/08/2023", "data_nf": "23/08/2023", "diarias": "8.994,44", "multas": "0,00", "reboque": "262,37", "debito": "11.670,54", "debito_patio": "9.256,81", "tx_licenciamento": "221,05", "ipva": "2.192,68", "arremate": "12.200,00", "total": "529,46"}, "589": {"placa": "GTF8262", "chassi": "9BD146000S5438208", "modelo": "FIAT/UNO 1995", "ano": "Conservado", "data_aprensao": "20/04/2020", "data_liberacao": "30/08/2023", "data_nf": "28/08/2023", "diarias": "6.680,88", "multas": "0,00", "reboque": "204,14", "debito": "8.652,35", "debito_patio": "3.200,00", "tx_licenciamento": "529,41", "ipva": "1.237,92", "arremate": "3.200,00", "total": "-5.452,35"}, "590": {"placa": "HCH8332", "chassi": "9BWAA05WX9P123863", "modelo": "VW/GOL", "ano": "1.0", "data_aprensao": "21/09/2022", "data_liberacao": "29/08/2023", "data_nf": "24/08/2023", "diarias": "8.794,49", "multas": "0,00", "reboque": "262,37", "debito": "40,07", "debito_patio": "9.970,87", "tx_licenciamento": "9.056,86", "ipva": "873,94", "arremate": "9.500,00", "total": "-470,87"}, "591": {"placa": "HCH9G29", "chassi": "935FCKFVYBB507906", "modelo": "14 2010", "ano": "Conservado", "data_aprensao": "06/02/2023", "data_liberacao": "28/08/2023", "data_nf": "24/08/2023", "diarias": "9.066,42", "multas": "0,00", "reboque": "277,03", "debito": "11.621,28", "debito_patio": "9.343,45", "tx_licenciamento": "221,05", "ipva": "2.056,78", "arremate": "13.700,00", "total": "2.078,72"}, "592": {"placa": "GUU9008", "chassi": "8AFZZZEHCWJ029536", "modelo": "ESCORT 1998", "ano": "Conservado", "data_aprensao": "30/09/2022", "data_liberacao": "01/09/2023", "data_nf": "24/08/2023", "diarias": "8.818,48", "multas": "0,00", "reboque": "262,37", "debito": "10.995,04", "debito_patio": "2.300,00", "tx_licenciamento": "529,41", "ipva": "1.384,78", "arremate": "2.300,00", "total": "-8.695,04"}, "593": {"placa": "GWC9082", "chassi": "9BGKZ08BWVB406757", "modelo": "GM/KADETT", "ano": "GL", "data_aprensao": "16/08/2022", "data_liberacao": "05/09/2023", "data_nf": "25/08/2023", "diarias": "8.698,51", "multas": "0,00", "reboque": "262,37", "debito": "40,07", "debito_patio": "9.425,65", "tx_licenciamento": "2.500,00", "ipva": "424,70", "arremate": "2.500,00", "total": "-6.925,65"}, "594": {"placa": "GVR9154", "chassi": "9BD178016T0076683", "modelo": "FIAT/PALIO", "ano": "ED", "data_aprensao": "29/09/2020", "data_liberacao": "01/09/2023", "data_nf": "24/08/2023", "diarias": "6.880,74", "multas": "0,00", "reboque": "204,14", "debito": "8.395,83", "debito_patio": "3.200,00", "tx_licenciamento": "378,56", "ipva": "932,39", "arremate": "3.200,00", "total": "-5.195,83"}, "595": {"placa": "OPZ9275", "chassi": "9BGSU19F0EC102793", "modelo": "CHEVROLET/CLASSIC 2013", "ano": "Conservado", "data_aprensao": "17/08/2022", "data_liberacao": "24/08/2023", "data_nf": "24/08/2023", "diarias": "8.701,18", "multas": "0,00", "reboque": "262,37", "debito": "10.650,80", "debito_patio": "8.963,55", "tx_licenciamento": "529,41", "ipva": "1.157,84", "arremate": "20.200,00", "total": "9.549,20"}, "596": {"placa": "JNF9445", "chassi": "9BGSC08WTSC671902", "modelo": "GM/CORSA", "ano": "WIND", "data_aprensao": "23/08/2021", "data_liberacao": null, "data_nf": "24/08/2023", "diarias": "7.504,09", "multas": "0,00", "reboque": "216,92", "debito": "10.029,60", "debito_patio": "2.700,00", "tx_licenciamento": "680,93", "ipva": "1.627,66", "arremate": "2.700,00", "total": "-7.329,60"}, "597": {"placa": "HED7117", "chassi": "LXYXCBL08B0519828", "modelo": "25 I/SHINERAY", "ano": "XY", "data_aprensao": "27/05/2022", "data_liberacao": null, "data_nf": "29/08/2023", "diarias": "5.151,92", "multas": "0,00", "reboque": "166,96", "debito": "6.431,37", "debito_patio": "200,00", "tx_licenciamento": "824,43", "ipva": "288,06", "arremate": "200,00", "total": "-6.231,37"}, "598": {"placa": "HKA7425", "chassi": "LXYXCBL08C0548652", "modelo": "XY50Q 2011", "ano": "Sucata", "data_aprensao": "30/09/2021", "data_liberacao": null, "data_nf": "29/08/2023", "diarias": "4.690,85", "multas": "0,00", "reboque": "138,04", "debito": "6.051,47", "debito_patio": "300,00", "tx_licenciamento": "824,43", "ipva": "398,15", "arremate": "300,00", "total": "-5.751,47"}, "599": {"placa": "DCP0612", "chassi": "9C2HA07101R239852", "modelo": "HONDA/C100", "ano": "BIZ", "data_aprensao": "13/10/2021", "data_liberacao": null, "data_nf": "24/08/2023", "diarias": "4.755,30", "multas": "0,00", "reboque": "138,04", "debito": "5.246,26", "debito_patio": "550,00", "tx_licenciamento": "221,05", "ipva": "131,87", "arremate": "550,00", "total": "-4.696,26"}, "600": {"placa": "MGM5381", "chassi": "94J1XFBH67M033759", "modelo": "SUNDOWN/WEB", "ano": "100", "data_aprensao": "05/07/2021", "data_liberacao": null, "data_nf": "24/08/2023", "diarias": "4.259,52", "multas": "0,00", "reboque": "138,04", "debito": "5.300,87", "debito_patio": "350,00", "tx_licenciamento": "680,93", "ipva": "222,38", "arremate": "350,00", "total": "-4.950,87"}, "601": {"placa": "HNR5397", "chassi": "95VFU1F5AAM004503", "modelo": "DAFRA/ZIG", "ano": "2010", "data_aprensao": "18/01/2019", "data_liberacao": null, "data_nf": "29/08/2023", "diarias": "3.880,66", "multas": "0,00", "reboque": "125,76", "debito": "5.139,77", "debito_patio": "350,00", "tx_licenciamento": "824,43", "ipva": "308,92", "arremate": "350,00", "total": "-4.789,77"}, "602": {"placa": "HJV1007", "chassi": "9C2KC08108R255545", "modelo": "TITAN 2008", "ano": "Sucata", "data_aprensao": "28/10/2021", "data_liberacao": null, "data_nf": "29/08/2023", "diarias": "4.829,67", "multas": "0,00", "reboque": "138,04", "debito": "6.369,93", "debito_patio": "1.050,00", "tx_licenciamento": "824,43", "ipva": "577,79", "arremate": "1.050,00", "total": "-5.319,93"}, "603": {"placa": "BVL1123", "chassi": "9C2JC1911HR112534", "modelo": "HONDA/ML", "ano": "125", "data_aprensao": "11/01/2023", "data_liberacao": null, "data_nf": "29/08/2023", "diarias": "5.439,85", "multas": "0,00", "reboque": "176,29", "debito": "0,00", "debito_patio": "0,00", "tx_licenciamento": "5.616,14", "ipva": "300,00", "arremate": "300,00", "total": "-5.316,14"}, "604": {"placa": "HHQ1241", "chassi": "94J2XECF77M022206", "modelo": "SUNDOWN/HUNTER 2007", "ano": "Sucata", "data_aprensao": "04/07/2022", "data_liberacao": null, "data_nf": "24/08/2023", "diarias": "5.151,92", "multas": "0,00", "reboque": "166,96", "debito": "6.020,32", "debito_patio": "300,00", "tx_licenciamento": "529,41", "ipva": "172,03", "arremate": "300,00", "total": "-5.720,32"}, "605": {"placa": "AJW2F40", "chassi": "9C2JC30101R144523", "modelo": "TITAN 2001", "ano": "Sucata", "data_aprensao": "13/07/2022", "data_liberacao": null, "data_nf": "29/08/2023", "diarias": "5.164,72", "multas": "0,00", "reboque": "166,96", "debito": "6.095,06", "debito_patio": "1.600,00", "tx_licenciamento": "485,94", "ipva": "277,44", "arremate": "1.600,00", "total": "-4.495,06"}, "606": {"placa": "HDA2447", "chassi": "9C2KC08106R960360", "modelo": "TITAN 2006", "ano": "Sucata", "data_aprensao": "23/07/2018", "data_liberacao": null, "data_nf": "29/08/2023", "diarias": "3.548,43", "multas": "0,00", "reboque": "113,80", "debito": "4.999,06", "debito_patio": "900,00", "tx_licenciamento": "824,43", "ipva": "512,40", "arremate": "900,00", "total": "-4.099,06"}, "607": {"placa": "GXV2622", "chassi": "9C6KE043030018800", "modelo": "YAMAHA/YBR", "ano": "125E", "data_aprensao": "10/10/2022", "data_liberacao": null, "data_nf": "24/08/2023", "diarias": "5.307,09", "multas": "0,00", "reboque": "166,96", "debito": "6.703,74", "debito_patio": "400,00", "tx_licenciamento": "824,43", "ipva": "405,26", "arremate": "400,00", "total": "-6.303,74"}, "608": {"placa": "GZL2790", "chassi": "9C6KE010020046785", "modelo": "YAMAHA/YBR", "ano": "125E", "data_aprensao": "24/01/2022", "data_liberacao": null, "data_nf": "24/08/2023", "diarias": "5.151,92", "multas": "0,00", "reboque": "166,96", "debito": "6.468,39", "debito_patio": "450,00", "tx_licenciamento": "824,43", "ipva": "325,08", "arremate": "450,00", "total": "-6.018,39"}, "609": {"placa": "HHO2933", "chassi": "9C2JC30708R718167", "modelo": "HONDA/CG", "ano": "125", "data_aprensao": "31/01/2022", "data_liberacao": null, "data_nf": "29/08/2023", "diarias": "5.151,92", "multas": "0,00", "reboque": "166,96", "debito": "5.955,68", "debito_patio": "500,00", "tx_licenciamento": "378,56", "ipva": "258,24", "arremate": "500,00", "total": "-5.455,68"}, "610": {"placa": "HCX3179", "chassi": "9C2KC08506R812551", "modelo": "TITAN 2005", "ano": "Sucata", "data_aprensao": "06/01/2023", "data_liberacao": null, "data_nf": "29/08/2023", "diarias": "5.439,85", "multas": "0,00", "reboque": "176,29", "debito": "6.022,01", "debito_patio": "1.100,00", "tx_licenciamento": "221,05", "ipva": "184,82", "arremate": "1.100,00", "total": "-4.922,01"}, "611": {"placa": "QPR4436", "chassi": "9C2KC2210KR007778", "modelo": "HONDA/CG", "ano": "160", "data_aprensao": "07/02/2022", "data_liberacao": null, "data_nf": "24/08/2023", "diarias": "5.151,92", "multas": "0,00", "reboque": "166,96", "debito": "6.145,23", "debito_patio": "5.318,88", "tx_licenciamento": "221,05", "ipva": "605,30", "arremate": "5.700,00", "total": "-445,23"}, "612": {"placa": "GXD5728", "chassi": "9C2JC30302R006447", "modelo": "125 2002", "ano": "Sucata", "data_aprensao": "22/10/2019", "data_liberacao": null, "data_nf": "24/08/2023", "diarias": "3.958,09", "multas": "0,00", "reboque": "125,76", "debito": "5.254,81", "debito_patio": "400,00", "tx_licenciamento": "824,43", "ipva": "346,53", "arremate": "400,00", "total": "-4.854,81"}, "613": {"placa": "OQP6066", "chassi": "9C2JC4110DR742515", "modelo": "FAN 2013", "ano": "Sucata", "data_aprensao": "29/08/2022", "data_liberacao": null, "data_nf": "29/08/2023", "diarias": "5.239,90", "multas": "0,00", "reboque": "166,96", "debito": "6.162,33", "debito_patio": "1.000,00", "tx_licenciamento": "378,56", "ipva": "376,91", "arremate": "1.000,00", "total": "-5.162,33"}, "614": {"placa": "HFL7599", "chassi": "9CDNF41LJ7M055481", "modelo": "EN125 2006", "ano": "Sucata", "data_aprensao": "03/04/2020", "data_liberacao": null, "data_nf": "24/08/2023", "diarias": "4.008,53", "multas": "0,00", "reboque": "129,91", "debito": "5.373,34", "debito_patio": "250,00", "tx_licenciamento": "824,43", "ipva": "410,47", "arremate": "250,00", "total": "-5.123,34"}, "615": {"placa": "HBI7724", "chassi": "9C2KC08104R061622", "modelo": "TITAN 2004", "ano": "Sucata", "data_aprensao": "03/09/2018", "data_liberacao": null, "data_nf": "29/08/2023", "diarias": "3.634,56", "multas": "0,00", "reboque": "113,80", "debito": "5.020,18", "debito_patio": "1.100,00", "tx_licenciamento": "824,43", "ipva": "447,39", "arremate": "1.100,00", "total": "-3.920,18"}, "616": {"placa": "GZZ8C83", "chassi": "9C2JC30102R027896", "modelo": "TITAN 2001", "ano": "Sucata", "data_aprensao": "12/09/2022", "data_liberacao": null, "data_nf": "26/08/2023", "diarias": "5.262,30", "multas": "0,00", "reboque": "166,96", "debito": "5.782,98", "debito_patio": "2.050,00", "tx_licenciamento": "221,05", "ipva": "132,67", "arremate": "2.050,00", "total": "-3.732,98"}, "617": {"placa": "NJD9167", "chassi": "9C2HB02108R034175", "modelo": "-", "ano": "2008", "data_aprensao": "06/09/2022", "data_liberacao": null, "data_nf": "11/09/2023", "diarias": "5.252,70", "multas": "0,00", "reboque": "166,96", "debito": "0,00", "debito_patio": "0,00", "tx_licenciamento": "5.419,66", "ipva": "1.400,00", "arremate": "1.400,00", "total": "-4.019,66"}, "618": {"placa": "HAP9681", "chassi": "9C2KC08304R002161", "modelo": "HONDA/CG", "ano": "150", "data_aprensao": "03/11/2021", "data_liberacao": null, "data_nf": "29/08/2023", "diarias": "4.859,41", "multas": "0,00", "reboque": "138,04", "debito": "5.866,68", "debito_patio": "1.100,00", "tx_licenciamento": "516,07", "ipva": "353,16", "arremate": "1.100,00", "total": "-4.766,68"}, "619": {"placa": "KBP0229", "chassi": "9BWZZZ373WT123298", "modelo": "VW/GOL", "ano": "16V", "data_aprensao": "23/10/2019", "data_liberacao": null, "data_nf": "29/08/2023", "diarias": "6.598,00", "multas": "0,00", "reboque": "197,63", "debito": "10.016,75", "debito_patio": "2.250,00", "tx_licenciamento": "824,43", "ipva": "2.396,69", "arremate": "2.250,00", "total": "-7.766,75"}, "620": {"placa": "CRF0236", "chassi": "ZFA185000W0270243", "modelo": "WEEK 1998", "ano": "Sucata", "data_aprensao": "12/12/2022", "data_liberacao": null, "data_nf": "29/08/2023", "diarias": "9.013,10", "multas": "0,00", "reboque": "262,37", "debito": "10.731,29", "debito_patio": "1.500,00", "tx_licenciamento": "378,56", "ipva": "1.077,26", "arremate": "1.500,00", "total": "-9.231,29"}, "621": {"placa": "MPI0458", "chassi": "9BG5VP87DGB101626", "modelo": "GM/OPALA 1985", "ano": "Sucata", "data_aprensao": "05/01/2023", "data_liberacao": null, "data_nf": "28/08/2023", "diarias": "9.066,42", "multas": "0,00", "reboque": "277,03", "debito": "11.342,19", "debito_patio": "650,00", "tx_licenciamento": "824,43", "ipva": "1.174,31", "arremate": "650,00", "total": "-10.692,19"}, "622": {"placa": "PPO0476", "chassi": "9BHBG51DBGP557785", "modelo": "1.6A 2015", "ano": "Sucata", "data_aprensao": "17/02/2022", "data_liberacao": null, "data_nf": "11/09/2023", "diarias": "8.586,54", "multas": "0,00", "reboque": "262,37", "debito": "0,00", "debito_patio": "0,00", "tx_licenciamento": "8.848,91", "ipva": "8.200,00", "arremate": "8.200,00", "total": "-648,91"}, "623": {"placa": "DWK0611", "chassi": "9BFZF26P188120639", "modelo": "FORD/FIESTA 2007", "ano": "Sucata", "data_aprensao": "19/10/2021", "data_liberacao": null, "data_nf": "29/08/2023", "diarias": "7.975,08", "multas": "0,00", "reboque": "216,92", "debito": "0,00", "debito_patio": "0,00", "tx_licenciamento": "8.192,00", "ipva": "6.350,00", "arremate": "6.350,00", "total": "-1.842,00"}, "624": {"placa": "KLY0669", "chassi": "9BWZZZ377YP026615", "modelo": "VW/GOL", "ano": "SPECIAL", "data_aprensao": "07/02/2022", "data_liberacao": null, "data_nf": "25/08/2023", "diarias": "8.586,54", "multas": "0,00", "reboque": "262,37", "debito": "9.858,63", "debito_patio": "1.500,00", "tx_licenciamento": "221,05", "ipva": "788,67", "arremate": "1.500,00", "total": "-8.358,63"}, "625": {"placa": "GUK1301", "chassi": "9BWZZZ377VT184662", "modelo": "VW/GOL", "ano": "MI", "data_aprensao": "10/02/2020", "data_liberacao": null, "data_nf": "26/08/2023", "diarias": "6.680,88", "multas": "0,00", "reboque": "204,14", "debito": "9.583,72", "debito_patio": "2.450,00", "tx_licenciamento": "824,43", "ipva": "1.874,27", "arremate": "2.450,00", "total": "-7.133,72"}, "626": {"placa": "GQB1310", "chassi": "9BWZZZ55ZPB419654", "modelo": "VW/LOGUS", "ano": "CL", "data_aprensao": "26/04/2022", "data_liberacao": null, "data_nf": "25/08/2023", "diarias": "8.586,54", "multas": "0,00", "reboque": "262,37", "debito": "11.180,90", "debito_patio": "1.000,00", "tx_licenciamento": "824,43", "ipva": "1.507,56", "arremate": "1.000,00", "total": "-10.180,90"}, "627": {"placa": "GUH1600", "chassi": "YV1LS5519S2213990", "modelo": "GLT 1995", "ano": "Sucata", "data_aprensao": "24/11/2022", "data_liberacao": null, "data_nf": "29/08/2023", "diarias": "8.965,11", "multas": "0,00", "reboque": "262,37", "debito": "12.627,52", "debito_patio": "800,00", "tx_licenciamento": "680,93", "ipva": "2.719,11", "arremate": "800,00", "total": "-11.827,52"}, "628": {"placa": "GLO1681", "chassi": "9BFBXXLBAKBM77364", "modelo": "FORD/ESCORT", "ano": "L", "data_aprensao": "05/01/2023", "data_liberacao": null, "data_nf": "29/08/2023", "diarias": "9.066,42", "multas": "0,00", "reboque": "277,03", "debito": "10.834,43", "debito_patio": "300,00", "tx_licenciamento": "680,93", "ipva": "810,05", "arremate": "300,00", "total": "-10.534,43"}, "629": {"placa": "GOV1763", "chassi": "9BWZZZ32ZGP023230", "modelo": "VW/PASSAT", "ano": "SPECIAL", "data_aprensao": "12/06/2020", "data_liberacao": null, "data_nf": "25/08/2023", "diarias": "6.680,88", "multas": "0,00", "reboque": "204,14", "debito": "8.868,01", "debito_patio": "300,00", "tx_licenciamento": "680,93", "ipva": "1.302,06", "arremate": "300,00", "total": "-8.568,01"}, "630": {"placa": "GOK1798", "chassi": "9BD14600003175039", "modelo": "FIAT/UNO", "ano": "S", "data_aprensao": "11/07/2022", "data_liberacao": null, "data_nf": "25/08/2023", "diarias": "8.602,54", "multas": "0,00", "reboque": "262,37", "debito": "10.380,69", "debito_patio": "950,00", "tx_licenciamento": "529,41", "ipva": "986,37", "arremate": "950,00", "total": "-9.430,69"}, "631": {"placa": "GQB1809", "chassi": "9BFZZZ54ZPB430388", "modelo": "1.8 1993", "ano": "Sucata", "data_aprensao": "06/07/2021", "data_liberacao": null, "data_nf": "25/08/2023", "diarias": "7.107,46", "multas": "0,00", "reboque": "216,92", "debito": "9.690,49", "debito_patio": "450,00", "tx_licenciamento": "824,43", "ipva": "1.541,68", "arremate": "450,00", "total": "-9.240,49"}, "632": {"placa": "BOF1906", "chassi": "9BWZZZ30ZKT046487", "modelo": "VW/GOL", "ano": "CL", "data_aprensao": "13/09/2021", "data_liberacao": null, "data_nf": "29/08/2023", "diarias": "7.677,61", "multas": "0,00", "reboque": "216,92", "debito": "0,00", "debito_patio": "0,00", "tx_licenciamento": "7.894,53", "ipva": "600,00", "arremate": "600,00", "total": "-7.294,53"}, "633": {"placa": "GXQ1959", "chassi": "9BWZZZ377XP057352", "modelo": "VW/GOL", "ano": "SPECIAL", "data_aprensao": "09/09/2019", "data_liberacao": null, "data_nf": "25/08/2023", "diarias": "6.545,90", "multas": "0,00", "reboque": "197,63", "debito": "8.843,73", "debito_patio": "500,00", "tx_licenciamento": "529,41", "ipva": "1.570,79", "arremate": "500,00", "total": "-8.343,73"}, "634": {"placa": "GLK1960", "chassi": "ZFA160000R4890659", "modelo": "IMP/FIAT", "ano": "TIPO", "data_aprensao": "17/05/2021", "data_liberacao": null, "data_nf": "25/08/2023", "diarias": "7.099,20", "multas": "0,00", "reboque": "216,92", "debito": "8.186,05", "debito_patio": "400,00", "tx_licenciamento": "221,05", "ipva": "648,88", "arremate": "400,00", "total": "-7.786,05"}, "635": {"placa": "GTX1973", "chassi": "9BFZZZ54ZRB566768", "modelo": "FORD/ESCORT", "ano": "L", "data_aprensao": "08/08/2022", "data_liberacao": null, "data_nf": "29/08/2023", "diarias": "8.677,18", "multas": "0,00", "reboque": "262,37", "debito": "11.475,36", "debito_patio": "800,00", "tx_licenciamento": "824,43", "ipva": "1.711,38", "arremate": "800,00", "total": "-10.675,36"}, "636": {"placa": "HPU1989", "chassi": "9BR53ZEC248557326", "modelo": "TOYOTA/COROLLA 2004", "ano": "Sucata", "data_aprensao": "13/10/2020", "data_liberacao": null, "data_nf": "11/09/2023", "diarias": "6.913,28", "multas": "0,00", "reboque": "204,14", "debito": "0,00", "debito_patio": "0,00", "tx_licenciamento": "7.117,42", "ipva": "450,00", "arremate": "450,00", "total": "-6.667,42"}, "637": {"placa": "HOL2017", "chassi": "9BGKT08ZLLC325269", "modelo": "GM/KADETT", "ano": "SL", "data_aprensao": "09/01/2023", "data_liberacao": null, "data_nf": "25/08/2023", "diarias": "9.066,42", "multas": "0,00", "reboque": "277,03", "debito": "0,00", "debito_patio": "9.676,60", "tx_licenciamento": "650,00", "ipva": "333,15", "arremate": "650,00", "total": "-9.026,60"}, "638": {"placa": "GWQ2738", "chassi": "LB4JBD90047", "modelo": "FORD/CORCEL", "ano": "II", "data_aprensao": "25/07/2022", "data_liberacao": null, "data_nf": "25/08/2023", "diarias": "8.639,86", "multas": "0,00", "reboque": "262,37", "debito": "10.413,84", "debito_patio": "450,00", "tx_licenciamento": "824,43", "ipva": "687,18", "arremate": "450,00", "total": "-9.963,84"}, "639": {"placa": "GUU2762", "chassi": "9BD178016T0132876", "modelo": "FIAT/PALIO", "ano": "ED", "data_aprensao": "27/12/2021", "data_liberacao": null, "data_nf": "25/08/2023", "diarias": "8.545,23", "multas": "0,00", "reboque": "216,92", "debito": "9.608,24", "debito_patio": "2.900,00", "tx_licenciamento": "221,05", "ipva": "625,04", "arremate": "2.900,00", "total": "-6.708,24"}, "640": {"placa": "GLO3B90", "chassi": "9BFZZZ54ZNB288844", "modelo": "FORD/ESCORT", "ano": "L", "data_aprensao": "30/05/2022", "data_liberacao": null, "data_nf": "29/08/2023", "diarias": "8.586,54", "multas": "0,00", "reboque": "262,37", "debito": "40,07", "debito_patio": "9.158,43", "tx_licenciamento": "1.050,00", "ipva": "269,45", "arremate": "1.050,00", "total": "-8.108,43"}, "641": {"placa": "NMJ3F85", "chassi": "9BRBB48E1A5084661", "modelo": "TOYOTA/COROLLA 2009", "ano": "Sucata", "data_aprensao": "18/10/2022", "data_liberacao": null, "data_nf": "29/08/2023", "diarias": "8.866,47", "multas": "0,00", "reboque": "262,37", "debito": "40,07", "debito_patio": "11.232,78", "tx_licenciamento": "9.128,84", "ipva": "2.063,87", "arremate": "18.300,00", "total": "7.067,22"}, "642": {"placa": "GUU3347", "chassi": "KMHVF21JPNU602455", "modelo": "EXCEL 1992", "ano": "Sucata", "data_aprensao": "13/09/2021", "data_liberacao": null, "data_nf": "29/08/2023", "diarias": "7.677,61", "multas": "0,00", "reboque": "216,92", "debito": "9.135,99", "debito_patio": "400,00", "tx_licenciamento": "529,41", "ipva": "712,05", "arremate": "400,00", "total": "-8.735,99"}, "643": {"placa": "GKM3390", "chassi": "9BFBXXLBABDM24617", "modelo": "FORD/ESCORT", "ano": "1984", "data_aprensao": "25/05/2020", "data_liberacao": null, "data_nf": "25/08/2023", "diarias": "6.680,88", "multas": "0,00", "reboque": "204,14", "debito": "8.766,57", "debito_patio": "600,00", "tx_licenciamento": "824,43", "ipva": "1.057,12", "arremate": "600,00", "total": "-8.166,57"}, "644": {"placa": "MXJ3605", "chassi": "9BGSE68NTTC746440", "modelo": "GM/CORSA", "ano": "GL", "data_aprensao": "24/11/2022", "data_liberacao": null, "data_nf": "26/08/2023", "diarias": "8.965,11", "multas": "0,00", "reboque": "262,37", "debito": "12.062,73", "debito_patio": "3.050,00", "tx_licenciamento": "680,93", "ipva": "2.154,32", "arremate": "3.050,00", "total": "-9.012,73"}, "645": {"placa": "HAI3624", "chassi": "9BD15822544558519", "modelo": "FIAT/UNO", "ano": "MILLE", "data_aprensao": "04/08/2022", "data_liberacao": null, "data_nf": "26/08/2023", "diarias": "8.666,52", "multas": "0,00", "reboque": "262,37", "debito": "11.689,61", "debito_patio": "4.750,00", "tx_licenciamento": "824,43", "ipva": "1.936,29", "arremate": "4.750,00", "total": "-6.939,61"}, "646": {"placa": "BVR4C38", "chassi": "9BFZZZ54ZPB435103", "modelo": "1.0 1993", "ano": "Sucata", "data_aprensao": "09/01/2023", "data_liberacao": null, "data_nf": "25/08/2023", "diarias": "9.066,42", "multas": "0,00", "reboque": "277,03", "debito": "40,07", "debito_patio": "9.606,49", "tx_licenciamento": "450,00", "ipva": "222,97", "arremate": "450,00", "total": "-9.156,49"}, "647": {"placa": "OGR4E65", "chassi": "93HGE6730DZ204906", "modelo": "HONDA/FIT", "ano": "DX", "data_aprensao": "04/07/2022", "data_liberacao": null, "data_nf": "11/09/2023", "diarias": "8.586,54", "multas": "0,00", "reboque": "262,37", "debito": "0,00", "debito_patio": "0,00", "tx_licenciamento": "8.848,91", "ipva": "8.848,91", "arremate": "13.550,00", "total": "4.701,09"}, "648": {"placa": "DQI4205", "chassi": "9BR53ZEC258607804", "modelo": "TOYOTA/COROLLA 2005", "ano": "Sucata", "data_aprensao": "19/10/2018", "data_liberacao": null, "data_nf": "26/08/2023", "diarias": "6.214,83", "multas": "0,00", "reboque": "178,83", "debito": "13.121,18", "debito_patio": "6.393,66", "tx_licenciamento": "680,93", "ipva": "6.046,59", "arremate": "10.450,00", "total": "-2.671,18"}, "649": {"placa": "CDB4719", "chassi": "9BD146000M3720478", "modelo": "FIAT/UNO", "ano": "MILLE", "data_aprensao": "10/02/2020", "data_liberacao": null, "data_nf": "29/08/2023", "diarias": "6.680,88", "multas": "0,00", "reboque": "204,14", "debito": "8.195,25", "debito_patio": "1.500,00", "tx_licenciamento": "529,41", "ipva": "780,82", "arremate": "1.500,00", "total": "-6.695,25"}, "650": {"placa": "GQH4739", "chassi": "9BWZZZ32ZDP021494", "modelo": "VW/PASSAT", "ano": "LS", "data_aprensao": "12/09/2022", "data_liberacao": null, "data_nf": "25/08/2023", "diarias": "8.770,49", "multas": "0,00", "reboque": "262,37", "debito": "10.155,76", "debito_patio": "500,00", "tx_licenciamento": "378,56", "ipva": "744,34", "arremate": "500,00", "total": "-9.655,76"}, "651": {"placa": "JLM4819", "chassi": "9BFZZZ54ZMB228925", "modelo": "FORD/VERONA", "ano": "GLX", "data_aprensao": "21/02/2022", "data_liberacao": null, "data_nf": "29/08/2023", "diarias": "8.586,54", "multas": "0,00", "reboque": "262,37", "debito": "11.096,55", "debito_patio": "1.450,00", "tx_licenciamento": "824,43", "ipva": "1.423,21", "arremate": "1.450,00", "total": "-9.646,55"}, "652": {"placa": "HWH5G44", "chassi": "9BWJB09N65P033960", "modelo": "VW/POLO", "ano": "SEDAN", "data_aprensao": "23/11/2022", "data_liberacao": null, "data_nf": "25/08/2023", "diarias": "8.962,45", "multas": "0,00", "reboque": "262,37", "debito": "11.381,72", "debito_patio": "5.650,00", "tx_licenciamento": "221,05", "ipva": "1.935,85", "arremate": "5.650,00", "total": "-5.731,72"}, "653": {"placa": "BEM5I58", "chassi": "9BD146000R5169636", "modelo": "FIAT/UNO 1994", "ano": "Sucata", "data_aprensao": "05/09/2022", "data_liberacao": null, "data_nf": "26/08/2023", "diarias": "8.751,83", "multas": "0,00", "reboque": "262,37", "debito": "40,07", "debito_patio": "9.349,50", "tx_licenciamento": "1.800,00", "ipva": "295,23", "arremate": "1.800,00", "total": "-7.549,50"}, "654": {"placa": "GZN5044", "chassi": "9BD17808122312021", "modelo": "FIAT/PALIO", "ano": "YOUNG", "data_aprensao": "05/09/2022", "data_liberacao": null, "data_nf": "25/08/2023", "diarias": "8.751,83", "multas": "0,00", "reboque": "262,37", "debito": "10.665,94", "debito_patio": "2.650,00", "tx_licenciamento": "824,43", "ipva": "827,31", "arremate": "2.650,00", "total": "-8.015,94"}, "655": {"placa": "LLO5065", "chassi": "9BWAB05U0CP076068", "modelo": "VW/GOL", "ano": "1.6", "data_aprensao": "30/09/2021", "data_liberacao": null, "data_nf": "11/09/2023", "diarias": "7.818,08", "multas": "0,00", "reboque": "216,92", "debito": "0,00", "debito_patio": "0,00", "tx_licenciamento": "8.035,00", "ipva": "8.035,00", "arremate": "8.500,00", "total": "465,00"}, "656": {"placa": "MRW5137", "chassi": "9BFZZZ54ZNB270599", "modelo": "FORD/VERONA", "ano": "LX", "data_aprensao": "29/03/2021", "data_liberacao": null, "data_nf": "25/08/2023", "diarias": "7.099,20", "multas": "0,00", "reboque": "216,92", "debito": "9.558,78", "debito_patio": "850,00", "tx_licenciamento": "824,43", "ipva": "1.418,23", "arremate": "850,00", "total": "-8.708,78"}, "657": {"placa": "GSA5337", "chassi": "8AWZZZ9EZYA515331", "modelo": "CLAS. 2000", "ano": "Sucata", "data_aprensao": "08/11/2022", "data_liberacao": null, "data_nf": "26/08/2023", "diarias": "8.922,46", "multas": "0,00", "reboque": "262,37", "debito": "40,07", "debito_patio": "9.674,60", "tx_licenciamento": "250,00", "ipva": "449,70", "arremate": "250,00", "total": "-9.424,60"}, "658": {"placa": "GLN6220", "chassi": "9BFZZZ54ZMB174402", "modelo": "FORD/VERONA", "ano": "1.8", "data_aprensao": "27/12/2021", "data_liberacao": null, "data_nf": "25/08/2023", "diarias": "8.545,23", "multas": "0,00", "reboque": "216,92", "debito": "9.608,87", "debito_patio": "850,00", "tx_licenciamento": "221,05", "ipva": "625,67", "arremate": "850,00", "total": "-8.758,87"}, "659": {"placa": "LAC6237", "chassi": "9BGKT08GSRC305615", "modelo": "GM/KADETT", "ano": "GL", "data_aprensao": "12/09/2022", "data_liberacao": null, "data_nf": "26/08/2023", "diarias": "8.770,49", "multas": "0,00", "reboque": "262,37", "debito": "10.493,75", "debito_patio": "1.300,00", "tx_licenciamento": "824,43", "ipva": "636,46", "arremate": "1.300,00", "total": "-9.193,75"}, "660": {"placa": "GUV6389", "chassi": "BJ813634", "modelo": "VW/FUSCA", "ano": "1300", "data_aprensao": "11/03/2019", "data_liberacao": null, "data_nf": "29/08/2023", "diarias": "6.467,76", "multas": "0,00", "reboque": "197,63", "debito": "9.082,10", "debito_patio": "750,00", "tx_licenciamento": "824,43", "ipva": "1.592,28", "arremate": "750,00", "total": "-8.332,10"}, "661": {"placa": "MUC6483", "chassi": "9BD178258V0235149", "modelo": "FIAT/PALIO", "ano": "16V", "data_aprensao": "18/01/2021", "data_liberacao": null, "data_nf": "29/08/2023", "diarias": "7.099,20", "multas": "0,00", "reboque": "216,92", "debito": "9.945,71", "debito_patio": "3.200,00", "tx_licenciamento": "680,93", "ipva": "1.948,66", "arremate": "3.200,00", "total": "-6.745,71"}, "662": {"placa": "GQH7188", "chassi": "9BWZZZ55ZSB730446", "modelo": "VW/POINTER", "ano": "GLI", "data_aprensao": "13/02/2023", "data_liberacao": null, "data_nf": "29/08/2023", "diarias": "9.066,42", "multas": "0,00", "reboque": "277,03", "debito": "0,00", "debito_patio": "9.678,12", "tx_licenciamento": "850,00", "ipva": "334,67", "arremate": "850,00", "total": "-8.828,12"}, "663": {"placa": "HGS7412", "chassi": "9BR53ZEC248554101", "modelo": "TOYOTA/COROLLA 2004", "ano": "Sucata", "data_aprensao": "07/06/2022", "data_liberacao": null, "data_nf": "29/08/2023", "diarias": "8.586,54", "multas": "0,00", "reboque": "262,37", "debito": "40,07", "debito_patio": "10.199,52", "tx_licenciamento": "8.848,91", "ipva": "1.310,54", "arremate": "10.050,00", "total": "-149,52"}, "664": {"placa": "GQH7772", "chassi": "9BWZZZ377ST134078", "modelo": "VW/GOL", "ano": "CLI", "data_aprensao": "25/09/2019", "data_liberacao": null, "data_nf": "29/08/2023", "diarias": "6.564,85", "multas": "0,00", "reboque": "197,63", "debito": "10.091,18", "debito_patio": "1.200,00", "tx_licenciamento": "824,43", "ipva": "2.504,27", "arremate": "1.200,00", "total": "-8.891,18"}, "665": {"placa": "GOV7870", "chassi": "ZFA160000R5083205", "modelo": "IMP/FIAT", "ano": "TIPO", "data_aprensao": "07/02/2023", "data_liberacao": null, "data_nf": "25/08/2023", "diarias": "9.066,42", "multas": "0,00", "reboque": "277,03", "debito": "10.765,56", "debito_patio": "700,00", "tx_licenciamento": "529,41", "ipva": "892,70", "arremate": "700,00", "total": "-10.065,56"}, "666": {"placa": "GWC7909", "chassi": "9BWZZZ379VT227392", "modelo": "VW/PARATI", "ano": "16V", "data_aprensao": "07/01/2019", "data_liberacao": null, "data_nf": "26/08/2023", "diarias": "6.467,76", "multas": "0,00", "reboque": "197,63", "debito": "9.344,30", "debito_patio": "1.550,00", "tx_licenciamento": "680,93", "ipva": "1.997,98", "arremate": "1.550,00", "total": "-7.794,30"}, "667": {"placa": "JHA8I48", "chassi": "93HFA66308Z101944", "modelo": "LXS 2007", "ano": "Sucata", "data_aprensao": "12/09/2022", "data_liberacao": null, "data_nf": "29/08/2023", "diarias": "8.770,49", "multas": "0,00", "reboque": "262,37", "debito": "12.460,65", "debito_patio": "2.000,00", "tx_licenciamento": "221,05", "ipva": "3.206,74", "arremate": "2.000,00", "total": "-10.460,65"}, "668": {"placa": "LBH8004", "chassi": "9BGSC08ZTTC751195", "modelo": "GM/CORSA", "ano": "WIND", "data_aprensao": "20/10/2022", "data_liberacao": null, "data_nf": "26/08/2023", "diarias": "8.871,80", "multas": "0,00", "reboque": "262,37", "debito": "10.424,02", "debito_patio": "700,00", "tx_licenciamento": "378,56", "ipva": "911,29", "arremate": "700,00", "total": "-9.724,02"}, "669": {"placa": "GLC8048", "chassi": "5C11UCC142870", "modelo": "GM/CHEVETTE", "ano": "1983", "data_aprensao": "02/05/2022", "data_liberacao": null, "data_nf": "26/08/2023", "diarias": "8.586,54", "multas": "0,00", "reboque": "262,37", "debito": "10.913,69", "debito_patio": "800,00", "tx_licenciamento": "824,43", "ipva": "1.240,35", "arremate": "800,00", "total": "-10.113,69"}, "670": {"placa": "GSM8295", "chassi": "9BD146058V5975476", "modelo": "SX 1997", "ano": "Sucata", "data_aprensao": "16/11/2022", "data_liberacao": null, "data_nf": "29/08/2023", "diarias": "8.943,78", "multas": "0,00", "reboque": "262,37", "debito": "10.319,74", "debito_patio": "1.000,00", "tx_licenciamento": "824,43", "ipva": "289,16", "arremate": "1.000,00", "total": "-9.319,74"}, "671": {"placa": "GTB8416", "chassi": "9BD146000R5325462", "modelo": "FIAT/UNO", "ano": "CS", "data_aprensao": "22/06/2020", "data_liberacao": null, "data_nf": "29/08/2023", "diarias": "6.680,88", "multas": "0,00", "reboque": "204,14", "debito": "8.487,13", "debito_patio": "700,00", "tx_licenciamento": "529,41", "ipva": "1.072,70", "arremate": "700,00", "total": "-7.787,13"}, "672": {"placa": "GXQ8563", "chassi": "9BD15802544539394", "modelo": "FIAT/UNO", "ano": "MILLE", "data_aprensao": "12/12/2022", "data_liberacao": null, "data_nf": "29/08/2023", "diarias": "9.013,10", "multas": "0,00", "reboque": "262,37", "debito": "11.027,10", "debito_patio": "2.700,00", "tx_licenciamento": "529,41", "ipva": "1.222,22", "arremate": "2.700,00", "total": "-8.327,10"}, "673": {"placa": "GSD8634", "chassi": "8AFZZZEFFWJ002919", "modelo": "GLX 1998", "ano": "Sucata", "data_aprensao": "06/02/2023", "data_liberacao": null, "data_nf": "25/08/2023", "diarias": "9.066,42", "multas": "0,00", "reboque": "277,03", "debito": "0,00", "debito_patio": "9.693,30", "tx_licenciamento": "1.150,00", "ipva": "349,85", "arremate": "1.150,00", "total": "-8.543,30"}, "674": {"placa": "HDJ8922", "chassi": "9BD15802764770169", "modelo": "FIRE 2005", "ano": "Sucata", "data_aprensao": "27/12/2021", "data_liberacao": null, "data_nf": "26/08/2023", "diarias": "8.545,23", "multas": "0,00", "reboque": "216,92", "debito": "9.991,36", "debito_patio": "5.900,00", "tx_licenciamento": "221,05", "ipva": "1.008,16", "arremate": "5.900,00", "total": "-4.091,36"}, "675": {"placa": "KFN9015", "chassi": "9BGSC08WSSC676693", "modelo": "GM/CORSA", "ano": "WIND", "data_aprensao": "07/02/2022", "data_liberacao": null, "data_nf": "29/08/2023", "diarias": "8.586,54", "multas": "0,00", "reboque": "262,37", "debito": "11.157,50", "debito_patio": "1.250,00", "tx_licenciamento": "680,93", "ipva": "1.627,66", "arremate": "1.250,00", "total": "-9.907,50"}, "676": {"placa": "AUU9075", "chassi": "9BWDA05U3CT148758", "modelo": "VW/VOYAGE", "ano": "1.0", "data_aprensao": "17/02/2022", "data_liberacao": null, "data_nf": "11/09/2023", "diarias": "8.586,54", "multas": "0,00", "reboque": "262,37", "debito": "0,00", "debito_patio": "0,00", "tx_licenciamento": "8.848,91", "ipva": "8.250,00", "arremate": "8.250,00", "total": "-598,91"}, "677": {"placa": "BFH9403", "chassi": "9BWZZZ32ZMP021949", "modelo": "GLS 1991", "ano": "Sucata", "data_aprensao": "02/02/2023", "data_liberacao": null, "data_nf": "26/08/2023", "diarias": "9.066,42", "multas": "0,00", "reboque": "277,03", "debito": "0,00", "debito_patio": "9.731,75", "tx_licenciamento": "3.500,00", "ipva": "388,30", "arremate": "3.500,00", "total": "-6.231,75"}, "678": {"placa": "LRY5175", "chassi": "988611152GK002926", "modelo": "JEEP/RENEGADE 2015", "ano": "Sucata", "data_aprensao": "23/02/2022", "data_liberacao": null, "data_nf": "11/09/2023", "diarias": "8.586,54", "multas": "0,00", "reboque": "262,37", "debito": "0,00", "debito_patio": "0,00", "tx_licenciamento": "8.848,91", "ipva": "8.848,91", "arremate": "22.100,00", "total": "13.251,09"}, "679": {"placa": "OQH9114", "chassi": "3GNFL7E52DS630493", "modelo": "SPORT 2013", "ano": "Sucata", "data_aprensao": "13/06/2022", "data_liberacao": null, "data_nf": "11/09/2023", "diarias": "8.586,54", "multas": "0,00", "reboque": "262,37", "debito": "0,00", "debito_patio": "0,00", "tx_licenciamento": "8.848,91", "ipva": "8.848,91", "arremate": "18.250,00", "total": "9.401,09"}, "680": {"placa": "GCS7577", "chassi": "93ZC70C01H8471923", "modelo": "IVECO/DAILY 2016", "ano": "Sucata", "data_aprensao": "25/07/2022", "data_liberacao": null, "data_nf": "11/09/2023", "diarias": "10.367,83", "multas": "0,00", "reboque": "348,23", "debito": "0,00", "debito_patio": "0,00", "tx_licenciamento": "10.716,06", "ipva": "10.716,06", "arremate": "30.050,00", "total": "19.333,94"}, "681": {"placa": "HIB6429", "chassi": "9BD27804MC7472677", "modelo": "FIAT/STRADA 2011", "ano": "Sucata", "data_aprensao": "17/02/2022", "data_liberacao": null, "data_nf": "11/09/2023", "diarias": "8.586,54", "multas": "0,00", "reboque": "262,37", "debito": "0,00", "debito_patio": "0,00", "tx_licenciamento": "8.848,91", "ipva": "8.848,91", "arremate": "9.150,00", "total": "301,09"}, "682": {"placa": "OMB7G58", "chassi": "9BD27805MD7568062", "modelo": "FIAT/STRADA 2012", "ano": "Sucata", "data_aprensao": "06/07/2021", "data_liberacao": null, "data_nf": "29/08/2023", "diarias": "7.107,46", "multas": "0,00", "reboque": "216,92", "debito": "10.882,19", "debito_patio": "950,00", "tx_licenciamento": "378,56", "ipva": "3.179,25", "arremate": "950,00", "total": "-9.932,19"}, "683": {"placa": "GLN9140", "chassi": "9BFPXXLP3JBX78246", "modelo": "FORD/PAMPA", "ano": "1988", "data_aprensao": "20/06/2022", "data_liberacao": null, "data_nf": "29/08/2023", "diarias": "8.586,54", "multas": "0,00", "reboque": "262,37", "debito": "9.396,96", "debito_patio": "300,00", "tx_licenciamento": "221,05", "ipva": "327,00", "arremate": "300,00", "total": "-9.096,96"}, "684": {"placa": "KEM9287", "chassi": "9BWEC05X41P533955", "modelo": "VW/SAVEIRO", "ano": "FUN", "data_aprensao": "16/08/2022", "data_liberacao": null, "data_nf": "11/09/2023", "diarias": "8.698,51", "multas": "0,00", "reboque": "262,37", "debito": "0,00", "debito_patio": "0,00", "tx_licenciamento": "8.960,88", "ipva": "6.600,00", "arremate": "6.600,00", "total": "-2.360,88"}}}